[{"model": "contenttypes.contenttype", "pk": 1, "fields": {"app_label": "admin", "model": "logentry"}}, {"model": "contenttypes.contenttype", "pk": 2, "fields": {"app_label": "auth", "model": "permission"}}, {"model": "contenttypes.contenttype", "pk": 3, "fields": {"app_label": "auth", "model": "group"}}, {"model": "contenttypes.contenttype", "pk": 4, "fields": {"app_label": "auth", "model": "user"}}, {"model": "contenttypes.contenttype", "pk": 5, "fields": {"app_label": "contenttypes", "model": "contenttype"}}, {"model": "contenttypes.contenttype", "pk": 6, "fields": {"app_label": "sessions", "model": "session"}}, {"model": "contenttypes.contenttype", "pk": 7, "fields": {"app_label": "website", "model": "causer"}}, {"model": "contenttypes.contenttype", "pk": 8, "fields": {"app_label": "website", "model": "pptuser"}}, {"model": "contenttypes.contenttype", "pk": 9, "fields": {"app_label": "website", "model": "user"}}, {"model": "contenttypes.contenttype", "pk": 10, "fields": {"app_label": "quriosity", "model": "quser"}}, {"model": "contenttypes.contenttype", "pk": 11, "fields": {"app_label": "quriosity", "model": "team"}}, {"model": "contenttypes.contenttype", "pk": 12, "fields": {"app_label": "quriosity", "model": "helpquestion"}}, {"model": "contenttypes.contenttype", "pk": 13, "fields": {"app_label": "quriosity", "model": "question"}}, {"model": "contenttypes.contenttype", "pk": 14, "fields": {"app_label": "quriosity", "model": "slot"}}, {"model": "contenttypes.contenttype", "pk": 15, "fields": {"app_label": "quriosity", "model": "response"}}, {"model": "sessions.session", "pk": "fy56izmtchadgrnabbqku6oanasoci7x", "fields": {"session_data": "OWNhMmNkNzY1ZDUxYjRlZTEwMDU0OTYxMzc1MTkwNzdmYzFlZDkxZTp7Il9hdXRoX3VzZXJfaGFzaCI6Ijk1ODc2MTdhZGNiM2FjMzdjODQzM2U3YTdjYjZmOWQzYjU3NDQ4ZTIiLCJfYXV0aF91c2VyX2JhY2tlbmQiOiJkamFuZ28uY29udHJpYi5hdXRoLmJhY2tlbmRzLk1vZGVsQmFja2VuZCIsIl9hdXRoX3VzZXJfaWQiOiIxIn0=", "expire_date": "2016-09-18T16:45:07.809Z"}}, {"model": "sessions.session", "pk": "gr7h2z4wac4rkuywz1r2o9hnyme27xgq", "fields": {"session_data": "OWNhMmNkNzY1ZDUxYjRlZTEwMDU0OTYxMzc1MTkwNzdmYzFlZDkxZTp7Il9hdXRoX3VzZXJfaGFzaCI6Ijk1ODc2MTdhZGNiM2FjMzdjODQzM2U3YTdjYjZmOWQzYjU3NDQ4ZTIiLCJfYXV0aF91c2VyX2JhY2tlbmQiOiJkamFuZ28uY29udHJpYi5hdXRoLmJhY2tlbmRzLk1vZGVsQmFja2VuZCIsIl9hdXRoX3VzZXJfaWQiOiIxIn0=", "expire_date": "2016-09-21T11:38:16.299Z"}}, {"model": "sessions.session", "pk": "hry3sk65bnpbhjhnp7bdxgfwr0ivzh6y", "fields": {"session_data": "YWE0MzY3ODM0ZjhlZTY3ZGJjY2MyMjcxYjNkZDZjYTZmM2U4YjFiYjp7InNlY3JldCI6Im15cmFuZG9tX3N0dWZmcWF6d3N4ZWRjIiwibmFtZSI6Im15In0=", "expire_date": "2016-09-23T09:39:10.681Z"}}, {"model": "sessions.session", "pk": "tvl1vys3nlyuu60fqltevhdcfe7wo8j2", "fields": {"session_data": "OGJiZmI5OGFiZWE1NDA1NTFkODk1NzE3NTIxY2Y4YTliMjU5MjMzYjp7fQ==", "expire_date": "2016-09-23T09:40:51.892Z"}}, {"model": "sessions.session", "pk": "uqtn60r514xn43eelh1xhj79poejvbkh", "fields": {"session_data": "OWNhMmNkNzY1ZDUxYjRlZTEwMDU0OTYxMzc1MTkwNzdmYzFlZDkxZTp7Il9hdXRoX3VzZXJfaGFzaCI6Ijk1ODc2MTdhZGNiM2FjMzdjODQzM2U3YTdjYjZmOWQzYjU3NDQ4ZTIiLCJfYXV0aF91c2VyX2JhY2tlbmQiOiJkamFuZ28uY29udHJpYi5hdXRoLmJhY2tlbmRzLk1vZGVsQmFja2VuZCIsIl9hdXRoX3VzZXJfaWQiOiIxIn0=", "expire_date": "2016-09-03T11:20:53.573Z"}}, {"model": "sessions.session", "pk": "y33f6m2ijen3to8cujlzhnw0co68d3j7", "fields": {"session_data": "ZjhhMzc2NjExM2I2NGU3ZTg3M2E1YzM5NzM2YjZlYTVmYzcwMGNhYjp7InNlY3JldCI6Im15cmFuZG9tX3N0dWZmcWF6d3N4ZWRjIiwiX2F1dGhfdXNlcl9oYXNoIjoiOTU4NzYxN2FkY2IzYWMzN2M4NDMzZTdhN2NiNmY5ZDNiNTc0NDhlMiIsIl9hdXRoX3VzZXJfYmFja2VuZCI6ImRqYW5nby5jb250cmliLmF1dGguYmFja2VuZHMuTW9kZWxCYWNrZW5kIiwiX2F1dGhfdXNlcl9pZCI6IjEiLCJuYW1lIjoibXkifQ==", "expire_date": "2016-09-23T09:21:21.915Z"}}, {"model": "quriosity.quser", "pk": 10, "fields": {"name": "dfsfsdfsfsd", "email": "sanskarmodi97@gmail.com", "phone": "7839346650", "gender": "M", "college": "", "year": ""}}, {"model": "quriosity.quser", "pk": 11, "fields": {"name": "dfsfsdfsfsd", "email": "sanskar.modi.civ14@iitbhu.ac.in", "phone": "7839346650", "gender": "M", "college": "", "year": ""}}, {"model": "quriosity.quser", "pk": 12, "fields": {"name": "dfsfsdfsfsd", "email": "sanskar.modi.civ14@itbhu.ac.in", "phone": "7839346650", "gender": "M", "college": "IIT BHU", "year": "1"}}, {"model": "quriosity.quser", "pk": 13, "fields": {"name": "dasdasd", "email": "qwerty@gmail.com", "phone": "87643433354", "gender": "M", "college": "", "year": ""}}, {"model": "quriosity.quser", "pk": 14, "fields": {"name": "sanskar", "email": "sanskar@gmail.com", "phone": "7839346650", "gender": "F", "college": "KiT", "year": "2"}}, {"model": "quriosity.quser", "pk": 15, "fields": {"name": "Sanskar", "email": "sanskarmodi97@googlemail.com", "phone": "7839346650", "gender": "M", "college": "BITS GOA", "year": "3"}}, {"model": "quriosity.quser", "pk": 16, "fields": {"name": "Vocha", "email": "vocha@gmail.com", "phone": "782541131", "gender": "F", "college": "IIT BHU", "year": "2"}}, {"model": "quriosity.quser", "pk": 17, "fields": {"name": "Moka", "email": "moka@gmail.com", "phone": "782541131", "gender": "M", "college": "IIT BHU", "year": "7"}}, {"model": "quriosity.quser", "pk": 18, "fields": {"name": "Gondor", "email": "gondor@gmail.com", "phone": "7839346650", "gender": null, "college": null, "year": null}}, {"model": "quriosity.quser", "pk": 19, "fields": {"name": "bla", "email": "bla@bla.com", "phone": "651651561", "gender": null, "college": null, "year": null}}, {"model": "quriosity.quser", "pk": 20, "fields": {"name": "mot", "email": "mota@mota.com", "phone": "65152312", "gender": null, "college": null, "year": null}}, {"model": "quriosity.quser", "pk": 21, "fields": {"name": "modi", "email": "modi@gmail.com", "phone": "48544313522222222222222222sasa", "gender": "5555555555555555555555555555555555555555555555555555555555555555555555555555555555", "college": "dffffffffffffffffffffffffffffffffffffffffffffffffffffffffffffffffffffffffffffffff", "year": "asddddddddd"}}, {"model": "quriosity.question", "pk": 1, "fields": {"title": "MOTU AND PATLU", "content": "sdsdsada<br>\r\ndasdas", "score": 5, "answer": "80"}}, {"model": "quriosity.question", "pk": 2, "fields": {"title": "Lolta", "content": "adsdddddddddddddddddddd adsdddddddddddddddddddd adsdddddddddddddddddddd adsdddddddddddddddddddd adsdddddddddddddddddddd adsdddddddddddddddddddd adsdddddddddddddddddddd adsdddddddddddddddddddd adsdddddddddddddddddddd adsdddddddddddddddddddd adsdddddddddddddddddddd adsdddddddddddddddddddd adsdddddddddddddddddddd adsdddddddddddddddddddd adsdddddddddddddddddddd adsdddddddddddddddddddd adsdddddddddddddddddddd adsdddddddddddddddddddd adsdddddddddddddddddddd adsdddddddddddddddddddd adsdddddddddddddddddddd adsdddddddddddddddddddd", "score": 20, "answer": "155"}}, {"model": "quriosity.question", "pk": 3, "fields": {"title": "Bulla", "content": "Quriosity at Shilp'16 is for those who are passionate in their endeavours and have the analytical mojo in them. A highly celebrated national level puzzle solving and logical reasoning contest, it gives you an opportunity to be a part of notable companies and start-ups, as INTERNS, recruiting directly based on your ranking in the event. So get ready to exercise all your wits, communication skills, reasoning and professional temperament as you b", "score": 25, "answer": "123"}}, {"model": "quriosity.question", "pk": 4, "fields": {"title": "nautaknki", "content": "The online round will consist of logical reasoning puzzles.\r\nThe duration of test will be of 1 hour comprising of 15 questions of varying difficulties and marking scheme.\r\nThe test will be held in two slots:\r\nThe first slot will be from 10:00 pm to 11:00 pm on 8th September, 2016.\r\nThe second slot will be from 9:00", "score": 5, "answer": "145"}}, {"model": "quriosity.team", "pk": 9, "fields": {"name": "sdfsdqs", "password": "sfsdfsdfsdf", "slot": 1, "response1": "0", "response2": "0", "response3": "0", "response4": "0", "response5": "0", "response6": "0", "response7": "0", "response8": "0", "response9": "0", "response10": "0", "response11": "0", "response12": "0", "response13": "0", "response14": "0", "response15": "0", "members": [10]}}, {"model": "quriosity.team", "pk": 10, "fields": {"name": "sdfsdqssss", "password": "sfsdfsdfsdf", "slot": 1, "response1": "0", "response2": "0", "response3": "0", "response4": "0", "response5": "0", "response6": "0", "response7": "0", "response8": "0", "response9": "0", "response10": "0", "response11": "0", "response12": "0", "response13": "0", "response14": "0", "response15": "0", "members": [11]}}, {"model": "quriosity.team", "pk": 11, "fields": {"name": "sdfsdqsss", "password": "sfsdfsdfsdf", "slot": 1, "response1": "0", "response2": "0", "response3": "0", "response4": "0", "response5": "0", "response6": "0", "response7": "0", "response8": "0", "response9": "0", "response10": "0", "response11": "0", "response12": "0", "response13": "0", "response14": "0", "response15": "0", "members": [12]}}, {"model": "quriosity.team", "pk": 12, "fields": {"name": "saadas", "password": "asdasda", "slot": 1, "response1": "0", "response2": "0", "response3": "0", "response4": "0", "response5": "0", "response6": "0", "response7": "0", "response8": "0", "response9": "0", "response10": "0", "response11": "0", "response12": "0", "response13": "0", "response14": "0", "response15": "0", "members": [13]}}, {"model": "quriosity.team", "pk": 13, "fields": {"name": "vvxcvx", "password": "sdasdfasddfsddf", "slot": 1, "response1": "0", "response2": "0", "response3": "0", "response4": "0", "response5": "0", "response6": "0", "response7": "0", "response8": "0", "response9": "0", "response10": "0", "response11": "0", "response12": "0", "response13": "0", "response14": "0", "response15": "0", "members": [14]}}, {"model": "quriosity.team", "pk": 14, "fields": {"name": "my", "password": "qazwsxedc", "slot": 1, "response1": "20000000000000", "response2": "27", "response3": "63", "response4": "56", "response5": "0", "response6": "0", "response7": "0", "response8": "0", "response9": "0", "response10": "0", "response11": "0", "response12": "0", "response13": "0", "response14": "0", "response15": "0", "members": [12, 14]}}, {"model": "quriosity.team", "pk": 15, "fields": {"name": "Vocha", "password": "789456123", "slot": 1, "response1": "0", "response2": "0", "response3": "0", "response4": "0", "response5": "0", "response6": "0", "response7": "0", "response8": "0", "response9": "0", "response10": "0", "response11": "0", "response12": "0", "response13": "0", "response14": "0", "response15": "0", "members": [16, 17]}}, {"model": "quriosity.team", "pk": 16, "fields": {"name": "Gondor", "password": "789456123", "slot": 1, "response1": "0", "response2": "0", "response3": "0", "response4": "0", "response5": "0", "response6": "0", "response7": "0", "response8": "0", "response9": "0", "response10": "0", "response11": "0", "response12": "0", "response13": "0", "response14": "0", "response15": "0", "members": [18]}}, {"model": "quriosity.team", "pk": 17, "fields": {"name": "Bla", "password": "blablabla", "slot": 1, "response1": "0", "response2": "0", "response3": "0", "response4": "0", "response5": "0", "response6": "0", "response7": "0", "response8": "0", "response9": "0", "response10": "0", "response11": "0", "response12": "0", "response13": "0", "response14": "0", "response15": "0", "members": [19]}}, {"model": "quriosity.team", "pk": 18, "fields": {"name": "mota", "password": "motamota", "slot": 1, "response1": "0", "response2": "0", "response3": "0", "response4": "0", "response5": "0", "response6": "0", "response7": "0", "response8": "0", "response9": "0", "response10": "0", "response11": "0", "response12": "0", "response13": "0", "response14": "0", "response15": "0", "members": [20]}}, {"model": "quriosity.team", "pk": 19, "fields": {"name": "modi", "password": "qazwsxedc", "slot": 1, "response1": "0", "response2": "0", "response3": "0", "response4": "0", "response5": "0", "response6": "0", "response7": "0", "response8": "0", "response9": "0", "response10": "0", "response11": "0", "response12": "0", "response13": "0", "response14": "0", "response15": "0", "members": [21]}}, {"model": "quriosity.response", "pk": 2, "fields": {"response": "5", "question": 1, "team": 1}}, {"model": "quriosity.response", "pk": 3, "fields": {"response": "10", "question": 4, "team": 1}}, {"model": "quriosity.response", "pk": 4, "fields": {"response": "55", "question": 2, "team": 1}}, {"model": "quriosity.response", "pk": 5, "fields": {"response": "55", "question": 3, "team": 1}}, {"model": "quriosity.response", "pk": 7, "fields": {"response": "0", "question": 1, "team": 14}}, {"model": "quriosity.response", "pk": 8, "fields": {"response": "87", "question": 4, "team": 14}}, {"model": "quriosity.response", "pk": 9, "fields": {"response": "95", "question": 3, "team": 14}}, {"model": "quriosity.response", "pk": 10, "fields": {"response": "15", "question": 2, "team": 14}}, {"model": "quriosity.response", "pk": 11, "fields": {"response": "14", "question": 1, "team": 15}}, {"model": "quriosity.response", "pk": 12, "fields": {"response": "56", "question": 4, "team": 15}}, {"model": "quriosity.response", "pk": 13, "fields": {"response": "88", "question": 2, "team": 15}}, {"model": "quriosity.response", "pk": 14, "fields": {"response": "74", "question": 3, "team": 15}}, {"model": "quriosity.helpquestion", "pk": 13, "fields": {"name": "sasda", "email": "sanskarmodi97@gmail.com", "message": "sadasdada", "resolved": false}}, {"model": "quriosity.slot", "pk": 3, "fields": {"title": "1", "start": "2016-09-08T23:57:53Z", "end": "2016-09-09T10:20:47Z", "question": [1, 2, 3, 4]}}, {"model": "auth.permission", "pk": 1, "fields": {"name": "Can add log entry", "content_type": 1, "codename": "add_logentry"}}, {"model": "auth.permission", "pk": 2, "fields": {"name": "Can change log entry", "content_type": 1, "codename": "change_logentry"}}, {"model": "auth.permission", "pk": 3, "fields": {"name": "Can delete log entry", "content_type": 1, "codename": "delete_logentry"}}, {"model": "auth.permission", "pk": 4, "fields": {"name": "Can add permission", "content_type": 2, "codename": "add_permission"}}, {"model": "auth.permission", "pk": 5, "fields": {"name": "Can change permission", "content_type": 2, "codename": "change_permission"}}, {"model": "auth.permission", "pk": 6, "fields": {"name": "Can delete permission", "content_type": 2, "codename": "delete_permission"}}, {"model": "auth.permission", "pk": 7, "fields": {"name": "Can add group", "content_type": 3, "codename": "add_group"}}, {"model": "auth.permission", "pk": 8, "fields": {"name": "Can change group", "content_type": 3, "codename": "change_group"}}, {"model": "auth.permission", "pk": 9, "fields": {"name": "Can delete group", "content_type": 3, "codename": "delete_group"}}, {"model": "auth.permission", "pk": 10, "fields": {"name": "Can add user", "content_type": 4, "codename": "add_user"}}, {"model": "auth.permission", "pk": 11, "fields": {"name": "Can change user", "content_type": 4, "codename": "change_user"}}, {"model": "auth.permission", "pk": 12, "fields": {"name": "Can delete user", "content_type": 4, "codename": "delete_user"}}, {"model": "auth.permission", "pk": 13, "fields": {"name": "Can add content type", "content_type": 5, "codename": "add_contenttype"}}, {"model": "auth.permission", "pk": 14, "fields": {"name": "Can change content type", "content_type": 5, "codename": "change_contenttype"}}, {"model": "auth.permission", "pk": 15, "fields": {"name": "Can delete content type", "content_type": 5, "codename": "delete_contenttype"}}, {"model": "auth.permission", "pk": 16, "fields": {"name": "Can add session", "content_type": 6, "codename": "add_session"}}, {"model": "auth.permission", "pk": 17, "fields": {"name": "Can change session", "content_type": 6, "codename": "change_session"}}, {"model": "auth.permission", "pk": 18, "fields": {"name": "Can delete session", "content_type": 6, "codename": "delete_session"}}, {"model": "auth.permission", "pk": 19, "fields": {"name": "Can add ca user", "content_type": 7, "codename": "add_causer"}}, {"model": "auth.permission", "pk": 20, "fields": {"name": "Can change ca user", "content_type": 7, "codename": "change_causer"}}, {"model": "auth.permission", "pk": 21, "fields": {"name": "Can delete ca user", "content_type": 7, "codename": "delete_causer"}}, {"model": "auth.permission", "pk": 22, "fields": {"name": "Can add ppt user", "content_type": 8, "codename": "add_pptuser"}}, {"model": "auth.permission", "pk": 23, "fields": {"name": "Can change ppt user", "content_type": 8, "codename": "change_pptuser"}}, {"model": "auth.permission", "pk": 24, "fields": {"name": "Can delete ppt user", "content_type": 8, "codename": "delete_pptuser"}}, {"model": "auth.permission", "pk": 25, "fields": {"name": "Can add user", "content_type": 9, "codename": "add_user"}}, {"model": "auth.permission", "pk": 26, "fields": {"name": "Can change user", "content_type": 9, "codename": "change_user"}}, {"model": "auth.permission", "pk": 27, "fields": {"name": "Can delete user", "content_type": 9, "codename": "delete_user"}}, {"model": "auth.permission", "pk": 28, "fields": {"name": "Can add quesr", "content_type": 10, "codename": "add_quser"}}, {"model": "auth.permission", "pk": 29, "fields": {"name": "Can change quesr", "content_type": 10, "codename": "change_quser"}}, {"model": "auth.permission", "pk": 30, "fields": {"name": "Can delete quesr", "content_type": 10, "codename": "delete_quser"}}, {"model": "auth.permission", "pk": 31, "fields": {"name": "Can add team", "content_type": 11, "codename": "add_team"}}, {"model": "auth.permission", "pk": 32, "fields": {"name": "Can change team", "content_type": 11, "codename": "change_team"}}, {"model": "auth.permission", "pk": 33, "fields": {"name": "Can delete team", "content_type": 11, "codename": "delete_team"}}, {"model": "auth.permission", "pk": 34, "fields": {"name": "Can add Help Question", "content_type": 12, "codename": "add_helpquestion"}}, {"model": "auth.permission", "pk": 35, "fields": {"name": "Can change Help Question", "content_type": 12, "codename": "change_helpquestion"}}, {"model": "auth.permission", "pk": 36, "fields": {"name": "Can delete Help Question", "content_type": 12, "codename": "delete_helpquestion"}}, {"model": "auth.permission", "pk": 37, "fields": {"name": "Can add Question", "content_type": 13, "codename": "add_question"}}, {"model": "auth.permission", "pk": 38, "fields": {"name": "Can change Question", "content_type": 13, "codename": "change_question"}}, {"model": "auth.permission", "pk": 39, "fields": {"name": "Can delete Question", "content_type": 13, "codename": "delete_question"}}, {"model": "auth.permission", "pk": 40, "fields": {"name": "Can add Slot", "content_type": 14, "codename": "add_slot"}}, {"model": "auth.permission", "pk": 41, "fields": {"name": "Can change Slot", "content_type": 14, "codename": "change_slot"}}, {"model": "auth.permission", "pk": 42, "fields": {"name": "Can delete Slot", "content_type": 14, "codename": "delete_slot"}}, {"model": "auth.permission", "pk": 43, "fields": {"name": "Can add Response", "content_type": 15, "codename": "add_response"}}, {"model": "auth.permission", "pk": 44, "fields": {"name": "Can change Response", "content_type": 15, "codename": "change_response"}}, {"model": "auth.permission", "pk": 45, "fields": {"name": "Can delete Response", "content_type": 15, "codename": "delete_response"}}, {"model": "auth.user", "pk": 1, "fields": {"password": "pbkdf2_sha256$24000$ZOgM95xDSnIL$VPdD/E73I1Oe0kLOOlL4LA8lDcphN/7PfXivFkNjui0=", "last_login": "2016-09-07T17:02:48.765Z", "is_superuser": true, "username": "s0nskar", "first_name": "", "last_name": "", "email": "sanskarmodi97@gmail.com", "is_staff": true, "is_active": true, "date_joined": "2016-08-20T11:20:36.665Z", "groups": [], "user_permissions": []}}, {"model": "admin.logentry", "pk": 1, "fields": {"action_time": "2016-08-20T11:22:16.310Z", "user": 1, "content_type": 11, "object_id": "1", "object_repr": "", "action_flag": 3, "change_message": ""}}, {"model": "admin.logentry", "pk": 2, "fields": {"action_time": "2016-08-20T11:22:29.169Z", "user": 1, "content_type": 10, "object_id": "1", "object_repr": "", "action_flag": 3, "change_message": ""}}, {"model": "admin.logentry", "pk": 3, "fields": {"action_time": "2016-08-26T22:51:35.455Z", "user": 1, "content_type": 12, "object_id": "12", "object_repr": "Sanskae", "action_flag": 3, "change_message": ""}}, {"model": "admin.logentry", "pk": 4, "fields": {"action_time": "2016-08-26T22:51:35.586Z", "user": 1, "content_type": 12, "object_id": "11", "object_repr": "Sanskar", "action_flag": 3, "change_message": ""}}, {"model": "admin.logentry", "pk": 5, "fields": {"action_time": "2016-08-26T22:51:35.672Z", "user": 1, "content_type": 12, "object_id": "10", "object_repr": "asdad", "action_flag": 3, "change_message": ""}}, {"model": "admin.logentry", "pk": 6, "fields": {"action_time": "2016-08-26T22:51:35.752Z", "user": 1, "content_type": 12, "object_id": "9", "object_repr": "", "action_flag": 3, "change_message": ""}}, {"model": "admin.logentry", "pk": 7, "fields": {"action_time": "2016-08-26T22:51:35.852Z", "user": 1, "content_type": 12, "object_id": "8", "object_repr": "", "action_flag": 3, "change_message": ""}}, {"model": "admin.logentry", "pk": 8, "fields": {"action_time": "2016-08-26T22:51:35.929Z", "user": 1, "content_type": 12, "object_id": "7", "object_repr": "", "action_flag": 3, "change_message": ""}}, {"model": "admin.logentry", "pk": 9, "fields": {"action_time": "2016-08-26T22:51:36.007Z", "user": 1, "content_type": 12, "object_id": "6", "object_repr": "", "action_flag": 3, "change_message": ""}}, {"model": "admin.logentry", "pk": 10, "fields": {"action_time": "2016-08-26T22:51:36.106Z", "user": 1, "content_type": 12, "object_id": "5", "object_repr": "sd", "action_flag": 3, "change_message": ""}}, {"model": "admin.logentry", "pk": 11, "fields": {"action_time": "2016-08-26T22:51:36.184Z", "user": 1, "content_type": 12, "object_id": "4", "object_repr": "sd", "action_flag": 3, "change_message": ""}}, {"model": "admin.logentry", "pk": 12, "fields": {"action_time": "2016-08-26T22:51:36.261Z", "user": 1, "content_type": 12, "object_id": "3", "object_repr": "sd", "action_flag": 3, "change_message": ""}}, {"model": "admin.logentry", "pk": 13, "fields": {"action_time": "2016-08-26T22:51:36.361Z", "user": 1, "content_type": 12, "object_id": "2", "object_repr": "sd", "action_flag": 3, "change_message": ""}}, {"model": "admin.logentry", "pk": 14, "fields": {"action_time": "2016-08-26T22:51:36.427Z", "user": 1, "content_type": 12, "object_id": "1", "object_repr": "Sanskar", "action_flag": 3, "change_message": ""}}, {"model": "admin.logentry", "pk": 15, "fields": {"action_time": "2016-08-26T22:51:55.419Z", "user": 1, "content_type": 10, "object_id": "6", "object_repr": "fdsfsd", "action_flag": 3, "change_message": ""}}, {"model": "admin.logentry", "pk": 16, "fields": {"action_time": "2016-08-26T22:51:55.512Z", "user": 1, "content_type": 10, "object_id": "5", "object_repr": "sadddddddddd", "action_flag": 3, "change_message": ""}}, {"model": "admin.logentry", "pk": 17, "fields": {"action_time": "2016-08-26T22:51:55.623Z", "user": 1, "content_type": 10, "object_id": "4", "object_repr": "Sanslar modo", "action_flag": 3, "change_message": ""}}, {"model": "admin.logentry", "pk": 18, "fields": {"action_time": "2016-08-26T22:51:55.708Z", "user": 1, "content_type": 10, "object_id": "3", "object_repr": "Mocha", "action_flag": 3, "change_message": ""}}, {"model": "admin.logentry", "pk": 19, "fields": {"action_time": "2016-08-26T22:51:55.797Z", "user": 1, "content_type": 10, "object_id": "2", "object_repr": "Sanskar Modi", "action_flag": 3, "change_message": ""}}, {"model": "admin.logentry", "pk": 20, "fields": {"action_time": "2016-08-26T23:03:45.975Z", "user": 1, "content_type": 11, "object_id": "8", "object_repr": "sdfsdqs", "action_flag": 3, "change_message": ""}}, {"model": "admin.logentry", "pk": 21, "fields": {"action_time": "2016-08-26T23:03:46.054Z", "user": 1, "content_type": 11, "object_id": "7", "object_repr": "sdfsdqsda", "action_flag": 3, "change_message": ""}}, {"model": "admin.logentry", "pk": 22, "fields": {"action_time": "2016-08-26T23:03:46.154Z", "user": 1, "content_type": 11, "object_id": "6", "object_repr": "sdfsdq", "action_flag": 3, "change_message": ""}}, {"model": "admin.logentry", "pk": 23, "fields": {"action_time": "2016-08-26T23:03:46.267Z", "user": 1, "content_type": 11, "object_id": "5", "object_repr": "dsfdsfsdf", "action_flag": 3, "change_message": ""}}, {"model": "admin.logentry", "pk": 24, "fields": {"action_time": "2016-08-26T23:03:46.356Z", "user": 1, "content_type": 11, "object_id": "4", "object_repr": "Macho", "action_flag": 3, "change_message": ""}}, {"model": "admin.logentry", "pk": 25, "fields": {"action_time": "2016-08-26T23:03:46.478Z", "user": 1, "content_type": 11, "object_id": "3", "object_repr": "lokhnda", "action_flag": 3, "change_message": ""}}, {"model": "admin.logentry", "pk": 26, "fields": {"action_time": "2016-08-26T23:03:46.561Z", "user": 1, "content_type": 11, "object_id": "2", "object_repr": "SickMyDuck", "action_flag": 3, "change_message": ""}}, {"model": "admin.logentry", "pk": 27, "fields": {"action_time": "2016-08-26T23:04:01.180Z", "user": 1, "content_type": 10, "object_id": "9", "object_repr": "dfsfsdfsfsd", "action_flag": 3, "change_message": ""}}, {"model": "admin.logentry", "pk": 28, "fields": {"action_time": "2016-08-26T23:04:01.267Z", "user": 1, "content_type": 10, "object_id": "8", "object_repr": "dfsfsdfsfsd", "action_flag": 3, "change_message": ""}}, {"model": "admin.logentry", "pk": 29, "fields": {"action_time": "2016-08-26T23:04:01.389Z", "user": 1, "content_type": 10, "object_id": "7", "object_repr": "dfsfsdf", "action_flag": 3, "change_message": ""}}, {"model": "admin.logentry", "pk": 30, "fields": {"action_time": "2016-09-04T16:46:22.640Z", "user": 1, "content_type": 13, "object_id": "1", "object_repr": "MOTU AND PATLU", "action_flag": 1, "change_message": "Added."}}, {"model": "admin.logentry", "pk": 31, "fields": {"action_time": "2016-09-04T16:46:35.974Z", "user": 1, "content_type": 14, "object_id": "1", "object_repr": "slot1", "action_flag": 1, "change_message": "Added."}}, {"model": "admin.logentry", "pk": 32, "fields": {"action_time": "2016-09-04T16:47:51.360Z", "user": 1, "content_type": 15, "object_id": "1", "object_repr": "sdfsdqssss", "action_flag": 1, "change_message": "Added."}}, {"model": "admin.logentry", "pk": 33, "fields": {"action_time": "2016-09-04T19:48:58.232Z", "user": 1, "content_type": 14, "object_id": "2", "object_repr": "1", "action_flag": 1, "change_message": "Added."}}, {"model": "admin.logentry", "pk": 34, "fields": {"action_time": "2016-09-05T16:07:04.787Z", "user": 1, "content_type": 14, "object_id": "2", "object_repr": "1", "action_flag": 3, "change_message": ""}}, {"model": "admin.logentry", "pk": 35, "fields": {"action_time": "2016-09-05T16:07:04.895Z", "user": 1, "content_type": 14, "object_id": "1", "object_repr": "slot1", "action_flag": 3, "change_message": ""}}, {"model": "admin.logentry", "pk": 36, "fields": {"action_time": "2016-09-05T16:07:46.378Z", "user": 1, "content_type": 14, "object_id": "3", "object_repr": "1", "action_flag": 1, "change_message": "Added."}}, {"model": "admin.logentry", "pk": 37, "fields": {"action_time": "2016-09-05T16:08:38.192Z", "user": 1, "content_type": 13, "object_id": "2", "object_repr": "Lolta", "action_flag": 1, "change_message": "Added."}}, {"model": "admin.logentry", "pk": 38, "fields": {"action_time": "2016-09-05T16:09:04.239Z", "user": 1, "content_type": 13, "object_id": "3", "object_repr": "Bulla", "action_flag": 1, "change_message": "Added."}}, {"model": "admin.logentry", "pk": 39, "fields": {"action_time": "2016-09-05T16:09:27.376Z", "user": 1, "content_type": 13, "object_id": "4", "object_repr": "nautaknki", "action_flag": 1, "change_message": "Added."}}, {"model": "admin.logentry", "pk": 40, "fields": {"action_time": "2016-09-05T16:13:42.537Z", "user": 1, "content_type": 14, "object_id": "3", "object_repr": "1", "action_flag": 2, "change_message": "Changed question."}}, {"model": "admin.logentry", "pk": 41, "fields": {"action_time": "2016-09-05T18:20:10.568Z", "user": 1, "content_type": 15, "object_id": "1", "object_repr": "sdfsdqssss", "action_flag": 3, "change_message": ""}}, {"model": "admin.logentry", "pk": 42, "fields": {"action_time": "2016-09-07T11:38:49.264Z", "user": 1, "content_type": 14, "object_id": "3", "object_repr": "1", "action_flag": 2, "change_message": "Changed start and end."}}, {"model": "admin.logentry", "pk": 43, "fields": {"action_time": "2016-09-07T13:39:42.604Z", "user": 1, "content_type": 14, "object_id": "3", "object_repr": "1", "action_flag": 2, "change_message": "Changed start and end."}}, {"model": "admin.logentry", "pk": 44, "fields": {"action_time": "2016-09-07T13:40:39.998Z", "user": 1, "content_type": 14, "object_id": "3", "object_repr": "1", "action_flag": 2, "change_message": "Changed start."}}, {"model": "admin.logentry", "pk": 45, "fields": {"action_time": "2016-09-07T13:47:02.405Z", "user": 1, "content_type": 14, "object_id": "3", "object_repr": "1", "action_flag": 2, "change_message": "Changed start and end."}}, {"model": "admin.logentry", "pk": 46, "fields": {"action_time": "2016-09-07T13:49:11.735Z", "user": 1, "content_type": 14, "object_id": "3", "object_repr": "1", "action_flag": 2, "change_message": "Changed start and end."}}, {"model": "admin.logentry", "pk": 47, "fields": {"action_time": "2016-09-07T14:27:06.768Z", "user": 1, "content_type": 14, "object_id": "3", "object_repr": "1", "action_flag": 2, "change_message": "Changed start and end."}}, {"model": "admin.logentry", "pk": 48, "fields": {"action_time": "2016-09-07T17:03:54.273Z", "user": 1, "content_type": 14, "object_id": "3", "object_repr": "1", "action_flag": 2, "change_message": "Changed end."}}, {"model": "admin.logentry", "pk": 49, "fields": {"action_time": "2016-09-07T17:16:45.741Z", "user": 1, "content_type": 15, "object_id": "6", "object_repr": "my", "action_flag": 3, "change_message": ""}}, {"model": "admin.logentry", "pk": 50, "fields": {"action_time": "2016-09-07T17:31:10.215Z", "user": 1, "content_type": 14, "object_id": "3", "object_repr": "1", "action_flag": 2, "change_message": "Changed end."}}, {"model": "admin.logentry", "pk": 51, "fields": {"action_time": "2016-09-07T17:59:20.501Z", "user": 1, "content_type": 14, "object_id": "3", "object_repr": "1", "action_flag": 2, "change_message": "Changed start and end."}}, {"model": "admin.logentry", "pk": 52, "fields": {"action_time": "2016-09-07T17:59:44.070Z", "user": 1, "content_type": 14, "object_id": "3", "object_repr": "1", "action_flag": 2, "change_message": "Changed start."}}, {"model": "admin.logentry", "pk": 53, "fields": {"action_time": "2016-09-07T22:03:34.720Z", "user": 1, "content_type": 11, "object_id": "14", "object_repr": "my", "action_flag": 2, "change_message": "Added team-quser relationship \"Team_members object\"."}}, {"model": "admin.logentry", "pk": 54, "fields": {"action_time": "2016-09-07T22:28:36.548Z", "user": 1, "content_type": 11, "object_id": "14", "object_repr": "my", "action_flag": 2, "change_message": "Changed quser for team-quser relationship \"Team_members object\"."}}, {"model": "admin.logentry", "pk": 55, "fields": {"action_time": "2016-09-07T22:29:00.672Z", "user": 1, "content_type": 11, "object_id": "14", "object_repr": "my", "action_flag": 2, "change_message": "Changed quser for team-quser relationship \"Team_members object\"."}}, {"model": "admin.logentry", "pk": 56, "fields": {"action_time": "2016-09-08T07:22:06.952Z", "user": 1, "content_type": 11, "object_id": "15", "object_repr": "Vocha", "action_flag": 1, "change_message": "Added."}}, {"model": "admin.logentry", "pk": 57, "fields": {"action_time": "2016-09-08T07:24:12.440Z", "user": 1, "content_type": 10, "object_id": "16", "object_repr": "Vocha", "action_flag": 1, "change_message": "Added."}}, {"model": "admin.logentry", "pk": 58, "fields": {"action_time": "2016-09-08T07:24:26.592Z", "user": 1, "content_type": 10, "object_id": "17", "object_repr": "Moka", "action_flag": 1, "change_message": "Added."}}, {"model": "admin.logentry", "pk": 59, "fields": {"action_time": "2016-09-08T07:24:52.772Z", "user": 1, "content_type": 11, "object_id": "15", "object_repr": "Vocha", "action_flag": 2, "change_message": "Added team-quser relationship \"Team_members object\". Added team-quser relationship \"Team_members object\"."}}, {"model": "admin.logentry", "pk": 60, "fields": {"action_time": "2016-09-08T09:19:12.039Z", "user": 1, "content_type": 14, "object_id": "3", "object_repr": "1", "action_flag": 2, "change_message": "Changed start and end."}}, {"model": "admin.logentry", "pk": 61, "fields": {"action_time": "2016-09-08T09:33:05.580Z", "user": 1, "content_type": 14, "object_id": "3", "object_repr": "1", "action_flag": 2, "change_message": "Changed end."}}, {"model": "admin.logentry", "pk": 62, "fields": {"action_time": "2016-09-08T16:53:03.976Z", "user": 1, "content_type": 14, "object_id": "3", "object_repr": "1", "action_flag": 2, "change_message": "Changed end."}}, {"model": "admin.logentry", "pk": 63, "fields": {"action_time": "2016-09-08T16:53:22.889Z", "user": 1, "content_type": 13, "object_id": "1", "object_repr": "MOTU AND PATLU", "action_flag": 2, "change_message": "Changed content."}}, {"model": "admin.logentry", "pk": 64, "fields": {"action_time": "2016-09-08T23:41:12.183Z", "user": 1, "content_type": 14, "object_id": "3", "object_repr": "1", "action_flag": 2, "change_message": "Changed start and end."}}, {"model": "admin.logentry", "pk": 65, "fields": {"action_time": "2016-09-08T23:52:04.226Z", "user": 1, "content_type": 14, "object_id": "3", "object_repr": "1", "action_flag": 2, "change_message": "Changed start and end."}}, {"model": "admin.logentry", "pk": 66, "fields": {"action_time": "2016-09-08T23:56:00.276Z", "user": 1, "content_type": 14, "object_id": "3", "object_repr": "1", "action_flag": 2, "change_message": "Changed start."}}, {"model": "admin.logentry", "pk": 67, "fields": {"action_time": "2016-09-08T23:56:20.309Z", "user": 1, "content_type": 14, "object_id": "3", "object_repr": "1", "action_flag": 2, "change_message": "Changed end."}}, {"model": "admin.logentry", "pk": 68, "fields": {"action_time": "2016-09-09T00:18:18.700Z", "user": 1, "content_type": 14, "object_id": "3", "object_repr": "1", "action_flag": 2, "change_message": "Changed end."}}, {"model": "admin.logentry", "pk": 69, "fields": {"action_time": "2016-09-09T00:21:09.173Z", "user": 1, "content_type": 14, "object_id": "3", "object_repr": "1", "action_flag": 2, "change_message": "Changed end."}}, {"model": "admin.logentry", "pk": 70, "fields": {"action_time": "2016-09-09T00:21:41.283Z", "user": 1, "content_type": 14, "object_id": "3", "object_repr": "1", "action_flag": 2, "change_message": "Changed end."}}, {"model": "admin.logentry", "pk": 71, "fields": {"action_time": "2016-09-09T00:22:29.037Z", "user": 1, "content_type": 14, "object_id": "3", "object_repr": "1", "action_flag": 2, "change_message": "Changed end."}}, {"model": "admin.logentry", "pk": 72, "fields": {"action_time": "2016-09-09T00:54:22.640Z", "user": 1, "content_type": 14, "object_id": "3", "object_repr": "1", "action_flag": 2, "change_message": "Changed end."}}, {"model": "admin.logentry", "pk": 73, "fields": {"action_time": "2016-09-09T07:10:25.220Z", "user": 1, "content_type": 14, "object_id": "3", "object_repr": "1", "action_flag": 2, "change_message": "Changed end."}}, {"model": "admin.logentry", "pk": 74, "fields": {"action_time": "2016-09-09T07:22:06.608Z", "user": 1, "content_type": 14, "object_id": "3", "object_repr": "1", "action_flag": 2, "change_message": "Changed end."}}, {"model": "admin.logentry", "pk": 75, "fields": {"action_time": "2016-09-09T07:22:42.924Z", "user": 1, "content_type": 14, "object_id": "3", "object_repr": "1", "action_flag": 2, "change_message": "Changed end."}}, {"model": "admin.logentry", "pk": 76, "fields": {"action_time": "2016-09-09T09:20:53.872Z", "user": 1, "content_type": 14, "object_id": "3", "object_repr": "1", "action_flag": 2, "change_message": "Changed end."}}]